Time (s),ECG Signal (mV)
0.0,60.186105603668935
0.004001600640256103,61.27801459710868
0.008003201280512205,63.45890186720729
0.012004801920768308,63.9254285532617
0.01600640256102441,66.66502294077131
0.020008003201280513,67.52954255638635
0.024009603841536616,68.16628942393615
0.028011204481792718,70.82954022691669
0.03201280512204882,72.23681024110793
0.03601440576230493,72.7307226597683
0.040016006402561026,74.59177655912123
0.044017607042817125,76.6809405661953
0.04801920768307323,77.26156053325519
0.05202080832332934,79.01913922292957
0.056022408963585436,80.13612139678787
0.060024009603841535,81.01679030920859
0.06402561024409764,83.40666916293746
0.06802721088435375,82.98960118822602
0.07202881152460985,85.06342094353391
0.07603041216486595,85.83924304717269
0.08003201280512205,87.95279288670189
0.08403361344537816,88.12820209666586
0.08803521408563425,89.50057303715874
0.09203681472589036,90.39447577337553
0.09603841536614646,91.31510710223702
0.10004001600640257,93.75797578714739
0.10404161664665867,93.49049023444107
0.10804321728691477,94.62344876917533
0.11204481792717087,95.11140257414478
0.11604641856742698,96.51712373049499
0.12004801920768307,96.6736198312089
0.12404961984793918,97.26679959389507
0.12805122048819528,96.7173841954936
0.13205282112845138,97.95340926083986
0.1360544217687075,97.72244071225334
0.1400560224089636,99.15629198149573
0.1440576230492197,97.7387065367023
0.1480592236894758,99.83949574828355
0.1520608243297319,99.61909471783659
0.156062424969988,100.10982069300863
0.1600640256102441,100.31211931734083
0.1640656262505002,100.37645650286498
0.16806722689075632,99.75455190441605
0.1720688275310124,100.0470206850429
0.1760704281712685,99.37281202769948
0.18007202881152462,99.58186184582331
0.1840736294517807,99.6411462005516
0.18807523009203683,100.07201144052038
0.19207683073229292,99.04246070759501
0.19607843137254902,98.6381140094547
0.20008003201280514,98.0434477931231
0.20408163265306123,96.91008404193879
0.20808323329331735,97.44763000033608
0.21208483393357344,95.7453735774942
0.21608643457382953,95.212919782907
0.22008803521408565,95.01120447420836
0.22408963585434175,94.28967336614514
0.22809123649459784,93.41581359723564
0.23209283713485396,93.23047233019821
0.23609443777511005,91.55009481377074
0.24009603841536614,91.25191057327629
0.24409763905562226,89.16309786975388
0.24809923969587835,90.20859121230606
0.25210084033613445,87.43838931971237
0.25610244097639057,86.38745978371848
0.2601040416166467,85.17742605772818
0.26410564225690275,84.38071044268152
0.26810724289715887,82.77538189579782
0.272108843537415,81.93324923292549
0.27611044417767105,80.96136065069271
0.2801120448179272,78.81217330809841
0.2841136454581833,78.38901802330673
0.2881152460984394,77.5173369229319
0.2921168467386955,75.40665959405955
0.2961184473789516,74.22094056460416
0.3001200480192077,72.54460419223766
0.3041216486594638,70.569173016038
0.3081232492997199,69.44959609416935
0.312124849939976,67.88413454774022
0.3161264505802321,66.89666527984788
0.3201280512204882,65.05845806068929
0.32412965186074433,62.73430412640713
0.3281312525010004,62.10133135693254
0.3321328531412565,60.36726663541936
0.33613445378151263,58.67407930925232
0.3401360544217687,57.84773617800085
0.3441376550620248,55.27556248194767
0.34813925570228094,54.96097218878685
0.352140856342537,54.009245402822756
0.3561424569827931,51.30383667899574
0.36014405762304924,50.38957033060832
0.36414565826330536,49.237180044805015
0.3681472589035614,46.98979973170972
0.37214885954381755,45.87912468845709
0.37615046018407367,44.3416569678711
0.38015206082432973,42.40387494001954
0.38415366146458585,42.07148985723573
0.38815526210484197,39.83646876739122
0.39215686274509803,38.9979150787779
0.39615846338535415,38.12600852723002
0.4001600640256103,36.35534271570321
0.40416166466586634,35.53710451959768
0.40816326530612246,33.85720602776635
0.4121648659463786,33.65879963853618
0.4161664665866347,31.810307758878853
0.42016806722689076,30.110453894834784
0.4241696678671469,30.345584483087794
0.428171268507403,29.423976836962797
0.43217286914765907,28.391013904113287
0.4361744697879152,27.484256760925508
0.4401760704281713,26.1283039826524
0.44417767106842737,25.71207933768074
0.4481792717086835,25.428040110589084
0.4521808723489396,23.98887607023487
0.4561824729891957,23.023674636953697
0.4601840736294518,23.63797435094276
0.4641856742697079,23.574042784958152
0.468187274909964,21.39987373022643
0.4721888755502201,21.174271511690304
0.4761904761904762,20.394354451529896
0.4801920768307323,20.32746509917349
0.4841936774709884,20.99521856880321
0.4881952781112445,19.66821722731085
0.49219687875150064,20.235269244649363
0.4961984793917567,19.427875136034373
0.5002000800320128,20.919945882414517
0.5042016806722689,20.181188243945066
0.508203281312525,19.0115175137454
0.5122048819527811,20.276010695912365
0.5162064825930373,20.26072040419669
0.5202080832332934,20.091432309591386
0.5242096838735495,20.891429931059253
0.5282112845138055,21.042828962659826
0.5322128851540616,20.951535937322234
0.5362144857943177,22.04343048540031
0.5402160864345739,23.442633662649175
0.54421768707483,22.92787006866365
0.5482192877150861,23.54181647359966
0.5522208883553421,24.417022736154472
0.5562224889955982,25.076029929780436
0.5602240896358543,25.51820821707155
0.5642256902761105,27.31956233935433
0.5682272909163666,27.790011206085566
0.5722288915566227,28.71621945794515
0.5762304921968788,29.664863392234103
0.5802320928371348,32.02590955784134
0.584233693477391,32.41159385187068
0.5882352941176471,33.114534829977075
0.5922368947579032,34.41332299977417
0.5962384953981593,35.50247803196132
0.6002400960384154,37.36210878877075
0.6042416966786714,37.55564717302946
0.6082432973189276,38.53987123560848
0.6122448979591837,40.655179906386145
0.6162464985994398,41.442008826020924
0.6202480992396959,43.76418987407057
0.624249699879952,45.24815012973498
0.6282513005202081,45.57679050268067
0.6322529011604642,47.35256779148322
0.6362545018007203,47.942716765534456
0.6402561024409764,51.1056061021978
0.6442577030812325,51.38601383459045
0.6482593037214887,53.342544272338614
0.6522609043617448,54.83234833060383
0.6562625050020008,55.627460789497704
0.6602641056422569,57.74755269126068
0.664265706282513,59.441141418210385
0.6682673069227691,60.491983643542305
0.6722689075630253,63.05911905782494
0.6762705082032814,63.713642600021714
0.6802721088435374,64.96174352159726
0.6842737094837935,66.65428844911861
0.6882753101240496,67.77379312944595
0.6922769107643058,69.43613442565648
0.6962785114045619,70.94396160698419
0.700280112044818,72.83344066581711
0.704281712685074,73.23030515187435
0.7082833133253301,74.80475474997797
0.7122849139655862,76.76347776880178
0.7162865146058424,77.90654665666199
0.7202881152460985,78.71294138819611
0.7242897158863546,80.64192500831878
0.7282913165266107,82.7892349766082
0.7322929171668667,84.09823378831211
0.7362945178071229,84.73243995056144
0.740296118447379,85.71769371328928
0.7442977190876351,87.53345604330957
0.7482993197278912,87.9804802326595
0.7523009203681473,88.22801326005086
0.7563025210084033,90.20216553239229
0.7603041216486595,92.05190553775583
0.7643057222889156,92.72618163361184
0.7683073229291717,92.00334720938326
0.7723089235694278,94.26613071030184
0.7763105242096839,94.5438983251145
0.7803121248499401,95.36445740491219
0.7843137254901961,96.0717300980266
0.7883153261304522,96.23843411657472
0.7923169267707083,97.09695414282959
0.7963185274109644,97.55854942792712
0.8003201280512205,98.22938152609096
0.8043217286914767,98.64572463095847
0.8083233293317327,98.60773672309419
0.8123249299719888,99.21999482080551
0.8163265306122449,98.87286391341436
0.820328131252501,99.59177461908193
0.8243297318927572,99.607562525282
0.8283313325330133,100.16600324947436
0.8323329331732694,99.87264928629912
0.8363345338135254,99.58878809453931
0.8403361344537815,99.33609792089386
0.8443377350940376,99.38903999695665
0.8483393357342938,98.60942463720096
0.8523409363745499,99.29766311631245
0.856342537014806,99.21132434257177
0.860344137655062,98.32112026796742
0.8643457382953181,98.32323461776004
0.8683473389355743,98.21010988860037
0.8723489395758304,98.25210346286723
0.8763505402160865,96.72679539712142
0.8803521408563426,96.50390860885777
0.8843537414965986,95.71414827696623
0.8883553421368547,94.46227148578414
0.8923569427771109,93.55604907054558
0.896358543417367,93.48892598867943
0.9003601440576231,92.59132233984683
0.9043617446978792,92.64864738090854
0.9083633453381353,90.91774827805064
0.9123649459783914,89.63743503641203
0.9163665466186475,89.18652925787852
0.9203681472589036,88.38228912707726
0.9243697478991597,86.24198351949694
0.9283713485394158,84.9146407219786
0.932372949179672,84.14710618180324
0.936374549819928,82.61892765418371
0.9403761504601841,81.50615777935009
0.9443777511004402,79.30427198940768
0.9483793517406963,78.87813416908114
0.9523809523809524,77.22094442194594
0.9563825530212086,76.15991762137459
0.9603841536614646,74.77931747767245
0.9643857543017207,72.87153848872615
0.9683873549419768,72.22339749196368
0.9723889555822329,69.92057549888507
0.976390556222489,68.7568251858681
0.9803921568627452,67.80688347889247
0.9843937575030013,65.3942320445577
0.9883953581432573,64.43581747369433
0.9923969587835134,61.66473766266466
0.9963985594237695,61.16138051971287
1.0004001600640255,59.39743953533683
1.0044017607042817,58.71516734420678
1.0084033613445378,56.52040868272444
1.012404961984794,55.265816905829936
1.01640656262505,54.22875293029417
1.0204081632653061,51.71913589012642
1.0244097639055623,50.96771037025941
1.0284113645458184,49.41936105348785
1.0324129651860745,47.375547682897015
1.0364145658263306,46.34552383122985
1.0404161664665867,45.10836990690371
1.0444177671068429,43.48827366999434
1.048419367747099,42.28207085653354
1.0524209683873549,41.62764600550334
1.056422569027611,39.61677750796487
1.0604241696678671,38.84077619845707
1.0644257703081232,37.83167737872625
1.0684273709483794,35.60835303781353
1.0724289715886355,35.243887480683284
1.0764305722288916,34.32559980254893
1.0804321728691477,31.214219102532965
1.0844337735094038,32.3787010787659
1.08843537414966,30.898941737897555
1.092436974789916,29.428481781882194
1.0964385754301722,27.457784352321376
1.1004401760704283,27.360004835254568
1.1044417767106842,26.64311949600733
1.1084433773509403,25.893065066350626
1.1124449779911965,25.323663450504608
1.1164465786314526,24.09325710125076
1.1204481792717087,24.278858236455484
1.1244497799119648,23.208273431577673
1.128451380552221,22.783283678877453
1.132452981192477,21.395788479736904
1.1364545818327332,22.414259090471234
1.1404561824729893,21.191437417037918
1.1444577831132454,20.69144889378427
1.1484593837535015,20.756918392141436
1.1524609843937577,21.044047502677348
1.1564625850340136,20.252033234095553
1.1604641856742697,20.334388665472176
1.1644657863145258,20.644628144414597
1.168467386954782,20.24352976988189
1.172468987595038,20.40262144282846
1.1764705882352942,19.660802496069905
1.1804721888755503,19.80098554617515
1.1844737895158064,21.023915024314263
1.1884753901560625,21.466433563619283
1.1924769907963186,22.34454887786754
1.1964785914365748,21.627932430728755
1.2004801920768309,22.21403696019378
1.2044817927170868,22.827261568981918
1.208483393357343,23.577404618932952
1.212484993997599,23.742323430927154
1.2164865946378551,24.56126395208216
1.2204881952781113,25.2298599506751
1.2244897959183674,26.08669255241893
1.2284913965586235,26.308211412984726
1.2324929971988796,27.373231066244355
1.2364945978391357,29.013910214345255
1.2404961984793919,29.26047598715867
1.244497799119648,29.68831564502626
1.248499399759904,30.628508541263876
1.2525010004001602,32.25989070345731
1.2565026010404161,32.85582744628361
1.2605042016806722,34.74033740199456
1.2645058023209284,36.15285571417799
1.2685074029611845,37.08532366600144
1.2725090036014406,37.82647082181938
1.2765106042416967,40.14488383562904
1.2805122048819528,40.52176630157734
1.284513805522209,42.979412609106795
1.288515406162465,44.0638714579545
1.2925170068027212,45.057244314159746
1.2965186074429773,46.22263578251613
1.3005202080832334,48.0892116641689
1.3045218087234896,49.8470853140016
1.3085234093637454,51.450099071537636
1.3125250100040016,51.81631433648955
1.3165266106442577,53.25871021867467
1.3205282112845138,54.2951698109169
1.32452981192477,56.57925229332088
1.328531412565026,58.08109962014129
1.3325330132052822,60.40454909979081
1.3365346138455383,61.998557402239236
1.3405362144857944,63.20680477598571
1.3445378151260505,64.6283733426752
1.3485394157663066,65.83350451902034
1.3525410164065628,67.64364849729353
1.3565426170468189,68.16398782439035
1.3605442176870748,70.26465225985926
1.364545818327331,72.26648680795114
1.368547418967587,73.11514698791723
1.3725490196078431,74.4453665051066
1.3765506202480993,76.06814270168312
1.3805522208883554,77.25442016148037
1.3845538215286115,79.17853758734343
1.3885554221688676,79.65889262199047
1.3925570228091237,80.89562902651102
1.3965586234493799,82.18529773323591
1.400560224089636,83.66613672511238
1.404561824729892,84.75291278888957
1.408563425370148,85.977497166873
1.4125650260104041,86.67392600372698
1.4165666266506602,87.96129927801678
1.4205682272909164,88.60389256756294
1.4245698279311725,89.79954495564942
1.4285714285714286,91.40422256642822
1.4325730292116847,91.4282242721669
1.4365746298519408,93.4063780965279
1.440576230492197,93.43779391727028
1.444577831132453,95.00980802312716
1.4485794317727092,95.84836778862012
1.4525810324129653,96.74895157458684
1.4565826330532214,96.65763722321066
1.4605842336934773,96.96340565682017
1.4645858343337335,97.59940155848817
1.4685874349739896,98.70757560892785
1.4725890356142457,97.95940729049913
1.4765906362545018,99.1032760773289
1.480592236894758,100.29742293333892
1.484593837535014,99.41382057956025
1.4885954381752702,99.67252799550147
1.4925970388155263,99.39689098524256
1.4965986394557824,99.67712351520797
1.5006002400960385,99.76898742422055
1.5046018407362947,99.81031196152236
1.5086034413765508,99.1317344792328
1.5126050420168067,99.89633278205788
1.5166066426570628,100.16734256478254
1.520608243297319,99.05072655687516
1.524609843937575,98.41925070425918
1.5286114445778312,98.38579961624806
1.5326130452180873,98.27138737957019
1.5366146458583434,98.48634649884507
1.5406162464985995,97.04463685200638
1.5446178471388556,96.33780852600296
1.5486194477791118,95.69620234550266
1.5526210484193679,94.90809127409749
1.556622649059624,95.38132886146218
1.5606242496998801,93.64372939555192
1.564625850340136,93.42474360194684
1.5686274509803921,91.6389283692314
1.5726290516206483,90.05929533055003
1.5766306522609044,89.81125891258398
1.5806322529011605,89.62936268418126
1.5846338535414166,87.9400558725039
1.5886354541816727,86.92936704897953
1.5926370548219289,85.03980630743392
1.596638655462185,84.70941550173484
1.600640256102441,83.44907971665847
1.6046418567426972,81.7890823474368
1.6086434573829533,81.77368966346667
1.6126450580232095,80.37653753540064
1.6166466586634654,78.4400117594943
1.6206482593037215,76.7668533704051
1.6246498599439776,76.00756407269554
1.6286514605842337,73.88637348335848
1.6326530612244898,71.49162826929462
1.636654661864746,71.24390794978646
1.640656262505002,69.00091972566067
1.6446578631452582,67.18150086639284
1.6486594637855143,66.40778497819731
1.6526610644257704,65.27617566044708
1.6566626650660266,64.51076502403139
1.6606642657062827,62.80724845210829
1.6646658663465388,60.89347896579564
1.6686674669867947,58.87210932746641
1.6726690676270508,57.17090219697031
1.676670668267307,56.62383193214724
1.680672268907563,54.12154075918521
1.6846738695478192,53.29639097698572
1.6886754701880753,51.56806102022368
1.6926770708283314,49.72609694428591
1.6966786714685875,49.44553675319259
1.7006802721088436,47.75940514439002
1.7046818727490998,46.24793102589848
1.708683473389356,43.808795370278716
1.712685074029612,43.95196885345814
1.716686674669868,42.57516912166256
1.720688275310124,40.55586912632748
1.7246898759503801,39.966797430158934
1.7286914765906363,37.89756889309002
1.7326930772308924,36.75970427361562
1.7366946778711485,34.97066489933477
1.7406962785114046,34.27855991319409
1.7446978791516607,32.82982454836202
1.7486994797919169,31.601692826244932
1.752701080432173,31.28851664826852
1.756702681072429,30.357475891303544
1.7607042817126852,28.486786201507506
1.7647058823529413,28.47327588723654
1.7687074829931972,27.558011024153657
1.7727090836334534,25.535059481183005
1.7767106842737095,24.92509685528685
1.7807122849139656,25.02747383977836
1.7847138855542217,24.536870342842132
1.7887154861944778,23.77316959214487
1.792717086834734,22.79665407001341
1.79671868747499,22.654678271509855
1.8007202881152462,21.76535986431264
1.8047218887555023,21.502853241695675
1.8087234893957584,20.060840929015487
1.8127250900360146,20.521717891489377
1.8167266906762707,21.831353713826736
1.8207282913165266,20.729887626172484
1.8247298919567827,19.89147997425656
1.8287314925970388,20.979526664791603
1.832733093237295,21.15167023535016
1.836734693877551,20.24695509483232
1.8407362945178072,19.52079112682644
1.8447378951580633,19.870838272911868
1.8487394957983194,21.469615530223667
1.8527410964385755,20.729307662344233
1.8567426970788317,20.93402451288351
1.8607442977190878,20.472978071829957
1.864745898359344,21.754806011421103
1.8687474989996,22.099462111747318
1.872749099639856,22.849423796759236
1.876750700280112,22.809809263425958
1.8807523009203682,23.624844590289992
1.8847539015606243,23.752757606580136
1.8887555022008804,25.52831367829847
1.8927571028411365,26.364166958585812
1.8967587034813926,27.264924359235934
1.9007603041216488,28.334931217696692
1.9047619047619049,28.700189163547066
1.908763505402161,29.66421781200894
1.9127651060424171,30.301496283564042
1.9167667066826732,31.046631841871406
1.9207683073229291,33.38043854090411
1.9247699079631853,34.24129331142064
1.9287715086034414,35.305843484622734
1.9327731092436975,36.858014257407596
1.9367747098839536,37.751523970186724
1.9407763105242097,38.982259396905434
1.9447779111644659,39.887380474462326
1.948779511804722,41.377110291318395
1.952781112444978,43.4268962326507
1.9567827130852342,44.51795735928305
1.9607843137254903,45.34561036483593
1.9647859143657465,46.70301945197356
1.9687875150060026,48.09254257120949
1.9727891156462585,50.02168300453691
1.9767907162865146,51.54681895685605
1.9807923169267707,53.00137428268574
1.9847939175670268,54.67391885321926
1.988795518207283,55.673926608462324
1.992797118847539,57.51658988433968
1.9967987194877952,59.400694905747876
2.000800320128051,59.65237603819393
2.0048019207683074,61.63290017034337
2.0088035214085633,63.20160237456976
2.0128051220488197,64.32033198475591
2.0168067226890756,66.41033604146239
2.020808323329332,67.81338874356628
2.024809923969588,70.13058408094484
2.028811524609844,70.82108635007667
2.0328131252501,71.69245236848096
2.0368147258903564,73.33192531936298
2.0408163265306123,75.05565462424546
2.0448179271708686,76.58536679538837
2.0488195278111245,78.04780766851678
2.0528211284513804,79.1225506385609
2.0568227290916368,79.87648212472341
2.0608243297318927,80.67906743603321
2.064825930372149,83.42607307694983
2.068827531012405,84.35074633361711
2.0728291316526612,85.27938729807525
2.076830732292917,85.78329669875907
2.0808323329331735,87.47140544313572
2.0848339335734294,88.58843425498243
2.0888355342136857,90.14624510988517
2.0928371348539416,90.87596469959965
2.096838735494198,91.78276508595656
2.100840336134454,92.43340829769652
2.1048419367747098,93.31328891834701
2.108843537414966,93.91879504717606
2.112845138055222,94.63870786981376
2.1168467386954783,95.91325703992537
2.1208483393357342,96.64106651448762
2.1248499399759906,96.44905360719731
2.1288515406162465,97.9693971307064
2.132853141256503,98.8246328773802
2.1368547418967587,98.31604257483293
2.140856342537015,98.82519665104408
2.144857943177271,99.11089962336146
2.1488595438175273,98.8795549394655
2.152861144457783,99.9790267472002
2.156862745098039,100.24076726899109
2.1608643457382954,99.75620728353553
2.1648659463785513,99.63192842652728
2.1688675470188077,99.48005684539925
2.1728691476590636,99.4982137325669
2.17687074829932,99.36186905225017
2.180872348939576,100.49307654577818
2.184873949579832,100.1069849003681
2.188875550220088,98.9283213965307
2.1928771508603444,99.26211511076004
2.1968787515006003,99.4136468570755
2.2008803521408566,97.5479973297219
2.2048819527811125,96.92779463202963
2.2088835534213684,96.86521587943682
2.212885154061625,96.66580566340515
2.2168867547018807,95.8765044032657
2.220888355342137,94.40302778728282
2.224889955982393,93.57569666534441
2.2288915566226493,93.38186816303916
2.232893157262905,92.18041144052135
2.2368947579031615,90.70785333055245
2.2408963585434174,90.75536707818961
2.2448979591836737,90.16338182786835
2.2488995598239296,89.04077216039839
2.252901160464186,87.63309647679137
2.256902761104442,86.61543293078533
2.2609043617446978,85.16493155002846
2.264905962384954,84.66282103796995
2.26890756302521,83.13368980246717
2.2729091636654664,81.47504930238146
2.2769107643057223,80.7954748047655
2.2809123649459786,79.44275488189957
2.2849139655862345,77.30335676268514
2.288915566226491,76.69939682983629
2.2929171668667467,73.85678043396484
2.296918767507003,73.76735819734837
2.300920368147259,71.80764274252347
2.3049219687875153,70.9507118967674
2.308923569427771,69.6498980616421
2.312925170068027,67.26761307901221
2.3169267707082835,65.69535235419859
2.3209283713485394,64.64250249515197
2.3249299719887957,62.9853668762027
2.3289315726290516,61.684208407935
2.332933173269308,60.59094765976134
2.336934773909564,58.83195661629935
2.34093637454982,57.64753701596931
2.344937975190076,55.661589970390686
2.3489395758303324,53.62695815440478
2.3529411764705883,52.87257103684071
2.356942777110844,51.66222720476254
2.3609443777511006,50.00634399291937
2.3649459783913565,48.3630153737172
2.368947579031613,46.83449473851449
2.3729491796718687,45.81790275559335
2.376950780312125,44.119607087502885
2.380952380952381,42.95805335872052
2.3849539815926373,41.15234566722216
2.388955582232893,39.924859813646925
2.3929571828731495,38.50904517501429
2.3969587835134054,37.86776748869345
2.4009603841536618,35.80036839137862
2.4049619847939177,35.25829122421987
2.4089635854341735,33.94509224292889
2.41296518607443,33.15328661674903
2.416966786714686,32.8284820763993
2.420968387354942,30.482424014932395
2.424969987995198,29.43189228685211
2.4289715886354544,28.9053086635236
2.4329731892757103,27.711220037076433
2.4369747899159666,26.887809648335345
2.4409763905562225,26.097436599868583
2.444977991196479,25.502066856418665
2.4489795918367347,24.577951593645306
2.452981192476991,24.10615502613438
2.456982793117247,23.177479437096636
2.460984393757503,22.242829744038747
2.4649859943977592,22.110922784805528
2.468987595038015,21.615034369586844
2.4729891956782715,21.77951732228346
2.4769907963185274,21.315195249632914
2.4809923969587837,20.88619394178502
2.4849939975990396,20.057228805738333
2.488995598239296,20.228644639297247
2.492997198879552,20.349893390451328
2.496998799519808,20.134560112496807
2.501000400160064,19.689187372949334
2.5050020008003204,19.159828359661773
2.5090036014405763,20.7276151887353
2.5130052020808322,20.176957143649293
2.5170068027210886,21.104108852233296
2.5210084033613445,21.56037440885938
2.525010004001601,20.93354670206178
2.5290116046418567,21.616840436185345
2.533013205282113,21.65481951363905
2.537014805922369,22.937899978572418
2.5410164065626253,22.31710258702466
2.545018007202881,24.79510168417212
2.5490196078431375,23.94395282555001
2.5530212084833934,25.170106237515927
2.5570228091236498,26.29867025901612
2.5610244097639057,26.335648087172782
2.5650260104041616,27.247893890227484
2.569027611044418,27.764094764192716
2.573029211684674,29.691154293898386
2.57703081232493,29.84246161249514
2.581032412965186,30.974665515357668
2.5850340136054424,31.479070532184245
2.5890356142456983,32.71128036531973
2.5930372148859546,34.41140758048309
2.5970388155262105,36.475602127444446
2.601040416166467,36.75136553185507
2.6050420168067228,38.17245909372893
2.609043617446979,38.4913690144914
2.613045218087235,40.1631975144911
2.617046818727491,41.77651929878081
2.6210484193677472,43.33778350967682
2.625050020008003,44.3951572958968
2.6290516206482595,46.83565618696645
2.6330532212885154,47.71875746299892
2.6370548219287717,49.15298952141515
2.6410564225690276,50.534249949658054
2.645058023209284,50.78394273256923
2.64905962384954,53.61398842905875
2.653061224489796,54.68333821106186
2.657062825130052,56.71945625264345
2.6610644257703084,56.56609205970098
2.6650660264105643,59.07717056562385
2.6690676270508202,61.52474568224255
2.6730692276910766,62.31081886051449
2.6770708283313325,63.41538238569916
2.681072428971589,65.51301035491336
2.6850740296118447,66.91970745437625
2.689075630252101,68.49090260654866
2.693077230892357,69.59046200510197
2.6970788315326133,71.32951379496133
2.701080432172869,72.33735834003973
2.7050820328131255,74.12131321443938
2.7090836334533814,75.57599700026572
2.7130852340936378,76.83718912908127
2.7170868347338937,78.15374274124173
2.7210884353741496,79.41610408897265
2.725090036014406,81.075388366711
2.729091636654662,81.6459656855457
2.733093237294918,83.81422146453328
2.737094837935174,84.65654415998101
2.7410964385754304,85.63781894985269
2.7450980392156863,87.19117593030202
2.7490996398559426,87.92028452427226
2.7531012404961985,89.53301073757275
2.757102841136455,91.13949018939307
2.7611044417767108,91.19366831578024
2.765106042416967,91.82508383780358
2.769107643057223,93.00817807163757
2.773109243697479,93.30241625397701
2.7771108443377353,93.65773363358294
2.781112444977991,94.98973387669604
2.7851140456182475,95.80952971738056
2.7891156462585034,96.31448169292867
2.7931172468987597,96.93115262679214
2.7971188475390156,97.60561584711711
2.801120448179272,98.5123022145577
2.805122048819528,98.24045887927112
2.809123649459784,99.26524690465244
2.81312525010004,99.98284392413939
2.817126850740296,99.3092088407375
2.8211284513805523,99.93401414245528
2.8251300520208082,99.7019071936831
2.8291316526610646,99.62429386631776
2.8331332533013205,100.50021221610247
2.837134853941577,99.7127105944098
2.8411364545818327,99.5237987278362
2.845138055222089,99.50771620390623
2.849139655862345,98.94546787264461
2.8531412565026013,99.43174157017773
2.857142857142857,99.2370064320592
2.8611444577831135,98.39540157221818
2.8651460584233694,99.35775038280478
2.8691476590636253,97.29413621791907
2.8731492597038817,97.16157798208415
2.8771508603441376,97.23673899268542
2.881152460984394,95.74360121543654
2.88515406162465,93.8619059110818
2.889155662264906,95.30854974162904
2.893157262905162,93.56090807597045
2.8971588635454184,92.73986692220288
2.9011604641856743,91.90388510422076
2.9051620648259306,91.2772988925847
2.9091636654661865,91.29349377488484
2.913165266106443,89.56710386407588
2.917166866746699,87.62936441593276
2.9211684673869547,87.0593971438116
2.925170068027211,86.55163765500579
2.929171668667467,85.53507781278901
2.9331732693077233,83.74709234728283
2.937174869947979,82.7210875216375
2.9411764705882355,80.24234902271363
2.9451780712284914,80.04182413204906
2.9491796718687477,78.99758224553138
2.9531812725090036,76.83373585068335
2.95718287314926,75.92498576945282
2.961184473789516,73.43145289225438
2.9651860744297722,73.02085500755074
2.969187675070028,71.07410916587173
2.973189275710284,70.41786098657961
2.9771908763505404,68.62252911450277
2.9811924769907963,67.4179945376322
2.9851940776310526,65.37116823752382
2.9891956782713085,63.75553074311335
2.993197278911565,61.93900212176472
2.9971988795518207,61.061991810158105
3.001200480192077,60.04212149527861
3.005202080832333,57.93991846541709
3.0092036814725893,55.92224839116959
3.013205282112845,54.87028634313338
3.0172068827531016,52.841241896768565
3.0212084833933575,52.78558031782665
3.0252100840336134,51.279659094748524
3.0292116846738697,49.08140348210253
3.0332132853141256,48.031913091843535
3.037214885954382,46.91590212717629
3.041216486594638,44.08215115356115
3.045218087234894,43.15675644834326
3.04921968787515,42.10926020742479
3.0532212885154064,40.87905077315607
3.0572228891556623,39.65160296949841
3.0612244897959187,38.74495675365985
3.0652260904361746,36.745220695825935
3.069227691076431,36.23433808950103
3.073229291716687,34.771157003056274
3.0772308923569427,34.08987484731313
3.081232492997199,32.011326567710185
3.085234093637455,30.90030841043969
3.0892356942777113,30.42820004679878
3.093237294917967,29.618258537057482
3.0972388955582235,27.551712193642178
3.1012404961984794,27.483557166593158
3.1052420968387358,26.254544933721196
3.1092436974789917,24.990614683013764
3.113245298119248,25.5255898001903
3.117246898759504,24.438481612931643
3.1212484993997602,23.43456206800347
3.125250100040016,22.814729942127695
3.129251700680272,21.686691172403123
3.1332533013205284,21.50795861729445
3.1372549019607843,21.17550309774036
3.1412565026010406,20.183706193374633
3.1452581032412965,21.51460657403482
3.149259703881553,20.488172944194513
3.1532613045218087,19.930945932018968
3.157262905162065,20.367448125410807
3.161264505802321,20.009143626739526
3.1652661064425773,20.31503571166234
3.1692677070828332,19.74870139664921
3.1732693077230896,19.161212412711233
3.1772709083633455,20.701693880636203
3.1812725090036014,20.251584366962664
3.1852741096438577,20.593535554114528
3.1892757102841136,21.208196390483007
3.19327731092437,20.816798335088034
3.197278911564626,21.83654604366041
3.201280512204882,22.571800919644527
3.205282112845138,23.397381146074135
3.2092837134853944,22.47999497558278
3.2132853141256503,24.489060849274868
3.2172869147659067,24.808993031080245
3.2212885154061626,25.008574293227028
3.225290116046419,25.972591237321218
3.229291716686675,25.70117566709797
3.2332933173269307,26.840115019874066
3.237294917967187,28.680695834056433
3.241296518607443,31.040196843790937
3.2452981192476993,30.066980881074684
3.249299719887955,31.101269581468816
3.2533013205282115,32.57466497372933
3.2573029211684674,34.44845455993873
3.2613045218087238,35.49679820771493
3.2653061224489797,35.203551220574724
3.269307723089236,37.316549531799616
3.273309323729492,39.16579546226317
3.2773109243697482,39.73286567039119
3.281312525010004,40.39153759416308
3.28531412565026,42.305817624504854
3.2893157262905164,44.40804698697928
3.2933173269307723,45.452329353770665
3.2973189275710286,46.86574457623797
3.3013205282112845,48.131897817527744
3.305322128851541,49.33943834936266
3.3093237294917968,50.38477471217917
3.313325330132053,53.50984227121396
3.317326930772309,54.05793741854494
3.3213285314125653,54.88754584855099
3.3253301320528212,57.12413019679851
3.3293317326930776,58.62499494507723
3.3333333333333335,59.74669095722714
3.3373349339735894,61.46735871257677
3.3413365346138457,62.616247920214626
3.3453381352541016,63.99154954386909
3.349339735894358,65.28929406618931
3.353341336534614,67.24234660619092
3.35734293717487,68.80272563663081
3.361344537815126,70.15126264074752
3.3653461384553824,72.62571204193623
3.3693477390956383,73.2820830876981
3.3733493397358947,73.5132115710171
3.3773509403761506,76.33028293166355
3.3813525410164065,78.07795919225482
3.385354141656663,78.78962986756052
3.3893557422969187,80.37133864422802
3.393357342937175,81.74216697035942
3.397358943577431,83.35710645498084
3.4013605442176873,84.04374109183824
3.405362144857943,83.6488646593221
3.4093637454981995,85.86150635156056
3.4133653461384554,85.61214620762392
3.417366946778712,88.30110318451253
3.4213685474189677,89.79751909534684
3.425370148059224,91.2961015855946
3.42937174869948,92.03853867357668
3.433373349339736,92.19881567197659
3.437374949979992,93.63266536063331
3.441376550620248,95.24520973499891
3.4453781512605044,94.08899199051216
3.4493797519007603,96.11197510794841
3.4533813525410166,96.40233841039179
3.4573829531812725,97.7129362924037
3.461384553821529,98.11653653578801
3.4653861544617848,98.1465180907738
3.469387755102041,96.79002077093966
3.473389355742297,98.6209491554094
3.4773909563825534,98.46222026434206
3.4813925570228093,98.69446937562526
3.485394157663065,98.86607854804804
3.4893957583033215,100.23137643171565
3.4933973589435774,101.05129100402567
3.4973989595838337,99.69146810804364
3.5014005602240896,100.2201099222242
3.505402160864346,99.73909472701753
3.509403761504602,100.12512684649906
3.513405362144858,100.11644526725296
3.517406962785114,100.39212218359796
3.5214085634253705,99.35877902252244
3.5254101640656264,99.36999602926734
3.5294117647058827,99.45300799750356
3.5334133653461386,98.22574389489301
3.5374149659863945,97.05190699934737
3.541416566626651,97.20774687368139
3.5454181672669067,96.2865526122179
3.549419767907163,96.34083756173679
3.553421368547419,95.05421331456665
3.5574229691876753,94.74997230857727
3.561424569827931,92.74573771461645
3.5654261704681876,91.86178918990221
3.5694277711084434,91.90470919911596
3.5734293717487,91.37372397418704
3.5774309723889557,89.48123772042422
3.581432573029212,88.82174376094213
3.585434173669468,88.31105472442239
3.589435774309724,86.66444620868693
3.59343737494998,85.58453107379707
3.597438975590236,84.96073481735753
3.6014405762304924,82.78805914049106
3.6054421768707483,81.76088214836177
3.6094437775110046,80.99144150370746
3.6134453781512605,79.07310243038329
3.617446978791517,77.63305583444634
3.621448579431773,75.40308486615861
3.625450180072029,75.8971750640743
3.629451780712285,73.68494089466355
3.6334533813525414,71.85371894582944
3.6374549819927973,70.14063697639722
3.641456582633053,69.8444255924548
3.6454581832733095,67.1721924371375
3.6494597839135654,66.13901470947751
3.6534613845538217,65.28519030336601
3.6574629851940776,62.94105629851893
3.661464585834334,62.192102661015554
3.66546618647459,60.89057224541514
3.6694677871148462,58.15153328714907
3.673469387755102,57.534172654750776
3.6774709883953585,56.679663069552156
3.6814725890356144,53.89014344348491
3.6854741896758707,52.90779791579786
3.6894757903161266,51.4253052970082
3.6934773909563825,49.71463693262178
3.697478991596639,48.86433190172713
3.7014805922368947,47.46403838483716
3.705482192877151,45.56920807499031
3.709483793517407,44.41965725349462
3.7134853941576633,43.36364456402117
3.717486994797919,42.18213475624613
3.7214885954381756,40.89669377423198
3.7254901960784315,38.78093099778105
3.729491796718688,38.83723243968174
3.7334933973589437,35.40480351414141
3.7374949979992,35.39292033960894
3.741496598639456,34.425994222352486
3.745498199279712,33.88913830417665
3.749499799919968,32.429578500210354
3.753501400560224,31.548667207887497
3.7575030012004804,29.428980505164475
3.7615046018407363,28.840145331479142
3.7655062024809927,27.87522943796531
3.7695078031212486,26.7955999419086
3.773509403761505,26.91364181357919
3.777511004401761,25.84593932787775
3.781512605042017,23.31775370090098
3.785514205682273,23.86631110393622
3.7895158063225294,23.130399748535453
3.7935174069627853,22.818949553217198
3.797519007603041,21.673686449774795
3.8015206082432975,21.795822526505646
3.8055222088835534,21.745948844099157
3.8095238095238098,20.924070458547995
3.8135254101640657,20.84192093072389
3.817527010804322,20.685279111276735
3.821528611444578,19.647274867688473
3.8255302120848342,19.87143444243627
3.82953181272509,20.33849456020964
3.8335334133653465,19.90372382884122
3.8375350140056024,20.197786891133532
3.8415366146458583,19.466907681914392
3.8455382152861146,20.210415443579805
3.8495398159263705,20.343213187579703
3.853541416566627,20.75933586291531
3.8575430172068828,20.257484950032406
3.861544617847139,21.476200110287557
3.865546218487395,22.097979873219334
3.8695478191276513,21.489792261350303
3.8735494197679072,22.503864056393155
3.8775510204081636,23.841172911083483
3.8815526210484195,23.678861571610415
3.885554221688676,24.386534818597386
3.8895558223289317,25.463980081641573
3.8935574229691876,26.159483289118995
3.897559023609444,25.950594784822087
3.9015606242497,27.962618397274078
3.905562224889956,28.487096316421123
3.909563825530212,30.029061526529727
3.9135654261704684,30.595025038660776
3.9175670268107243,32.67428156642049
3.9215686274509807,32.97377593200761
3.9255702280912366,34.373181731508325
3.929571828731493,35.80203878243016
3.933573429371749,36.829425700079334
3.937575030012005,38.059383203202295
3.941576630652261,38.57907776491087
3.945578231292517,40.382454418886724
3.9495798319327733,41.72500976262888
3.953581432573029,43.81366023994625
3.9575830332132855,44.70358718949483
3.9615846338535414,46.19003741536205
3.9655862344937978,46.854344328781416
3.9695878351340537,47.54180163045341
3.97358943577431,50.386513515931725
3.977591036414566,51.99885177861628
3.9815926370548222,53.057150705417676
3.985594237695078,54.56606006384975
3.9895958383353345,56.41438678848734
3.9935974389755904,57.03833326567012
3.9975990396158463,58.89774265163511
4.001600640256102,60.90032073729388
4.0056022408963585,62.562284504696876
4.009603841536615,63.118040709504385
4.013605442176871,65.33264792742824
4.017607042817127,66.44280901519565
4.021608643457383,68.20561526232399
4.025610244097639,69.81811580536393
4.029611844737896,71.49919739159628
4.033613445378151,71.81807644433289
4.0376150460184075,72.94330687094305
4.041616646658664,75.55904626727174
4.04561824729892,77.71886887015452
4.049619847939176,78.66836797351397
4.053621448579432,78.90816663417442
4.057623049219688,80.92621434783624
4.061624649859944,81.54667056423924
4.0656262505002,83.46051626187734
4.069627851140456,85.22010037629431
4.073629451780713,84.22487030176701
4.077631052420968,86.63754135012216
4.081632653061225,87.27637580363483
4.085634253701481,89.33045571755122
4.089635854341737,90.05494059376349
4.093637454981993,90.4120399185584
4.097639055622249,91.59277511791548
4.101640656262505,92.77260047756002
4.105642256902761,92.49550458247779
4.109643857543017,93.65861548094189
4.1136454581832735,95.55410729526893
4.11764705882353,95.18911133808162
4.121648659463785,96.15820013296018
4.125650260104042,95.82390493361216
4.129651860744298,96.45910531234205
4.133653461384554,97.83025213605457
4.13765506202481,98.52502286339443
4.141656662665066,99.21668263059001
4.1456582633053225,99.04252229810756
4.149659863945578,99.41978508050589
4.153661464585834,99.81185685264217
4.157663065226091,100.55133351185972
4.161664665866347,99.10300587303304
4.165666266506602,100.89955609900922
4.169667867146859,99.72141759191804
4.173669467787115,98.57124946667025
4.1776710684273715,99.93126280439442
4.181672669067627,99.60285664742226
4.185674269707883,99.40520629243626
4.18967587034814,99.04497793727022
4.193677470988396,98.91453739465297
4.197679071628651,99.55347785595235
4.201680672268908,97.85081571508361
4.205682272909164,97.32841584478682
4.2096838735494195,95.39637550822226
4.213685474189676,96.19704655728658
4.217687074829932,95.85873794758452
4.221688675470189,94.9365893475594
4.225690276110444,93.82852783532213
4.2296918767507,93.24341098168124
4.233693477390957,93.00162767248054
4.237695078031213,90.89203407611637
4.2416966786714685,90.68346333465153
4.245698279311725,89.43528707294723
4.249699879951981,88.50731813436687
4.253701480592237,87.00567391987235
4.257703081232493,86.64008534344994
4.261704681872749,84.48227297767221
4.265706282513006,83.25547541882966
4.269707883153261,82.50373748572898
4.2737094837935174,80.93218833261317
4.277711084433774,79.90046622204665
4.28171268507403,78.07907329318704
4.285714285714286,76.8221588958807
4.289715886354542,75.73243016221352
4.293717486994798,74.91462289537903
4.297719087635055,73.68696369249238
4.30172068827531,71.86024200110727
4.305722288915566,70.7057229473153
4.309723889555823,69.49219267869498
4.313725490196078,67.95581067037696
4.3177270908363345,65.7755279762317
4.321728691476591,63.97210476981364
4.325730292116847,62.88857572204776
4.329731892757103,61.33528748069365
4.333733493397359,60.485237211096106
4.337735094037615,56.281296213266515
4.341736694677872,56.378891630426914
4.345738295318127,55.397463582954565
4.3497398959583835,53.77356071988614
4.35374149659864,51.08440605507034
4.357743097238895,50.58463782950881
4.361744697879152,48.29441378831061
4.365746298519408,48.24207530348899
4.369747899159664,46.92412489925219
4.37374949979992,45.099571114839804
4.377751100440176,44.449064370681015
4.3817527010804325,42.11617391314723
4.385754301720689,41.43458518203606
4.389755902360944,39.70889022557725
4.393757503001201,39.60969864999495
4.397759103641457,36.471778487321295
4.401760704281713,36.386694330018855
4.405762304921969,34.04545077605661
4.409763905562225,33.03934253896741
4.413765506202481,33.16782453750197
4.417767106842737,31.632402879951442
4.421768707482993,29.980294467901437
4.42577030812325,29.716272332397974
4.429771908763506,28.05259301633386
4.433773509403761,27.43008478236589
4.437775110044018,26.33939970910408
4.441776710684274,26.05673708324963
4.44577831132453,25.125537541365475
4.449779911964786,24.915607258969025
4.453781512605042,23.109285344951058
4.4577831132452985,23.24022001543215
4.461784713885554,22.42778637695387
4.46578631452581,21.378447633907122
4.469787915166067,21.1714171062585
4.473789515806323,21.904684351645272
4.4777911164465785,21.029740761353587
4.481792717086835,20.804539255472193
4.485794317727091,20.635764364212964
4.4897959183673475,20.646343630718583
4.493797519007603,19.46181614522384
4.497799119647859,19.726247175255857
4.501800720288116,20.970876429667655
4.505802320928372,20.908967431439134
4.509803921568627,21.005800566124385
4.513805522208884,20.811435760143404
4.51780712284914,20.50731191362484
4.5218087234893956,21.020927544169393
4.525810324129652,21.785785589030684
4.529811924769908,21.200667243070562
4.533813525410165,21.29425311266402
4.53781512605042,22.851169280705186
4.541816726690676,23.355477521600402
4.545818327330933,23.3896806612996
4.549819927971189,24.37726717604846
4.5538215286114445,25.301922380545605
4.557823129251701,26.122607283470824
4.561824729891957,26.820683186454513
4.565826330532213,27.829187886706258
4.569827931172469,27.876875964225757
4.573829531812725,28.545152445034148
4.577831132452982,29.404820629470276
4.581832733093237,31.35492260275475
4.5858343337334935,32.61711486444953
4.58983593437375,34.5538357312662
4.593837535014006,35.67459743956494
4.597839135654262,36.0711472677508
4.601840736294518,36.40371059104343
4.605842336934774,38.26549075784641
4.609843937575031,39.88735906468641
4.613845538215286,41.360251213687945
4.617847138855542,42.18697157062382
4.621848739495799,43.56658881525185
4.625850340136054,44.90628268826353
4.629851940776311,45.90719744942461
4.633853541416567,47.51701409052898
4.637855142056823,49.0860432934676
4.641856742697079,50.70482603939203
4.645858343337335,51.72931019836149
4.649859943977591,53.57740105967108
4.653861544617848,55.2190225862732
4.657863145258103,57.34707842369336
4.6618647458983595,58.64636548474172
4.665866346538616,59.6840261775031
4.669867947178871,60.83261106125433
4.673869547819128,63.444203422681
4.677871148459384,63.869355207346814
4.68187274909964,65.42385435219198
4.685874349739896,67.46494257230292
4.689875950380152,68.57394041530192
4.6938775510204085,69.9854092825079
4.697879151660665,70.72408475770446
4.70188075230092,73.97496293062473
4.705882352941177,75.5052207034321
4.709883953581433,76.08226628333385
4.713885554221688,77.46066727645604
4.717887154861945,79.29899404331088
4.721888755502201,79.34120492235549
4.7258903561424574,80.9376372602427
4.729891956782713,82.52691551347566
4.733893557422969,83.43366185728841
4.737895158063226,84.40146526900165
4.741896758703482,85.15060097252578
4.745898359343737,87.90022845810252
4.749899959983994,88.51004206452102
4.75390156062425,89.24763680366142
4.757903161264506,90.5802715879557
4.761904761904762,90.84615526111952
4.765906362545018,91.50327549868567
4.7699079631852745,92.78944556636498
4.77390956382553,93.82813760335216
4.777911164465786,94.87503147777113
4.781912765106043,95.13806807823214
4.785914365746299,96.86613577139144
4.7899159663865545,97.34021059700221
4.793917567026811,97.63916920701688
4.797919167667067,97.55787314516954
4.8019207683073235,98.03371089277161
4.805922368947579,100.10238907405643
4.809923969587835,99.4121787859103
4.813925570228092,99.36133726166167
4.817927170868347,98.77724687073558
4.821928771508603,99.63605255510575
4.82593037214886,100.00889581612293
4.829931972789116,98.82629042014317
4.833933573429372,100.53646117713687
4.837935174069628,99.44607183344428
4.841936774709884,100.51182887502026
4.845938375350141,99.2164851055829
4.849939975990396,99.42971844767506
4.853941576630652,99.76131926809931
4.857943177270909,98.82577986541393
4.861944777911165,99.15321433623298
4.8659463785514205,97.5494848518499
4.869947979191677,97.20961418595682
4.873949579831933,97.31080526646433
4.877951180472189,96.61841745642074
4.881952781112445,95.4731533246815
4.885954381752701,94.88853085223701
4.889955982392958,93.55221732579318
4.893957583033213,94.24393755182516
4.8979591836734695,92.39756024761645
4.901960784313726,92.04723956998876
4.905962384953982,91.09916167395544
4.909963985594238,89.79441610952735
4.913965586234494,88.38894016302824
4.91796718687475,88.34278177433556
4.921968787515006,86.8634665256652
4.925970388155262,85.2076244559103
4.9299719887955185,84.28781300438789
4.933973589435775,83.08121053848926
4.93797519007603,83.04471289893644
4.941976790716287,80.78495113612692
4.945978391356543,79.86709668655126
4.949979991996799,78.01081680647401
4.953981592637055,77.01475199044759
4.957983193277311,75.46045346554695
4.961984793917567,73.69473114786516
4.965986394557824,72.93723926683843
4.969987995198079,72.09422174453135
4.9739895958383356,69.45734781630408
4.977991196478592,67.86737824691087
4.981992797118847,67.33426333317698
4.985994397759104,64.43202800152602
4.98999599839936,64.25779906772179
4.993997599039616,62.78670770527147
4.997999199679872,60.70539071966766
5.002000800320128,58.44592333305692
5.0060024009603845,57.06126368827401
5.010004001600641,56.273867834768296
5.014005602240896,55.33253250859432
5.018007202881153,53.90068729441864
5.022008803521409,51.58402848122048
5.0260104041616644,49.558433205416094
5.030012004801921,48.68958138993963
5.034013605442177,47.458138240583935
5.0380152060824335,45.06727329198282
5.042016806722689,44.695205258233585
5.046018407362945,43.31966376425886
5.050020008003202,42.186042478573455
5.054021608643458,40.03325857807173
5.058023209283713,38.824562054747304
5.06202480992397,37.714310732302955
5.066026410564226,36.60466094578347
5.070028011204482,35.6860196300726
5.074029611844738,34.142325653547246
5.078031212484994,32.826683205177055
5.082032813125251,31.97940381105581
5.086034413765506,31.376327339051244
5.090036014405762,29.862200170646265
5.094037615046019,28.881154294872328
5.098039215686275,28.942970955523446
5.1020408163265305,27.6707697178537
5.106042416966787,26.658495800273112
5.110044017607043,26.22105289824428
5.1140456182472995,25.208023639440118
5.118047218887555,24.434186813699295
5.122048819527811,23.690256357760717
5.126050420168068,22.958679796169296
5.130052020808323,22.190618862057498
5.1340536214485795,21.95599832515376
5.138055222088836,21.860249476065125
5.142056822729092,21.755503069869366
5.146058423369348,21.10421624546575
5.150060024009604,20.692020798503524
5.15406162464986,20.015675374128488
5.158063225290117,20.916504766168117
5.162064825930372,19.46855438175344
5.166066426570628,19.36566046612624
5.170068027210885,19.477842451342745
5.17406962785114,19.78719371784556
5.178071228491397,20.344027186151582
5.182072829131653,21.48512816273598
5.186074429771909,20.29728989994168
5.190076030412165,20.86061256391968
5.194077631052421,21.15977706413069
5.198079231692677,22.79438191638023
5.202080832332934,22.535390780077627
5.206082432973189,23.57009063473654
5.2100840336134455,23.034873660630495
5.214085634253702,23.779981456804183
5.218087234893958,25.423393906897406
5.222088835534214,25.208759041368264
5.22609043617447,26.60332527289781
5.230092036814726,26.049958350163806
5.234093637454982,27.47569051267787
5.238095238095238,28.50326464753611
5.2420968387354945,29.685512703398945
5.246098439375751,30.051459670720167
5.250100040016006,32.17053316592398
5.254101640656263,32.844011298037785
5.258103241296519,34.012934790165716
5.262104841936775,35.28126704578656
5.266106442577031,35.521102817203136
5.270108043217287,37.61132785713568
5.274109643857543,38.64033057220039
5.278111244497799,39.45146292364639
5.282112845138055,41.66451363352213
5.286114445778312,42.384680087179355
5.290116046418568,44.25218121329429
5.294117647058823,44.6640909586957
5.29811924769908,47.371997248213646
5.302120848339336,48.32414677338171
5.306122448979592,49.10555747730275
5.310124049619848,50.58734723716726
5.314125650260104,52.42309950153073
5.3181272509003605,53.723525441998625
5.322128851540617,55.126861303078336
5.326130452180872,56.62830240326202
5.330132052821129,57.81057402978024
5.334133653461385,60.283546336858265
5.3381352541016405,61.35018597359028
5.342136854741897,62.27076675618501
5.346138455382153,64.23201792169806
5.3501400560224095,66.34896676331509
5.354141656662665,67.86618844346387
5.358143257302921,69.30098365951321
5.362144857943178,70.85417464913299
5.366146458583434,72.20607446151172
5.370148059223689,74.15634101164598
5.374149659863946,74.60817150235494
5.378151260504202,77.22902780663317
5.382152861144458,78.67450217442322
5.386154461784714,79.580139351431
5.39015606242497,81.16169377496603
5.394157663065227,82.27574658241792
5.398159263705482,83.1422927459366
5.402160864345738,84.1077770450532
5.406162464985995,85.29927101701207
5.410164065626251,86.22798403711822
5.4141656662665065,87.57811595547213
5.418167266906763,89.048322697955
5.422168867547019,90.54706146028914
5.4261704681872756,90.51499278824797
5.430172068827531,91.56238349146085
5.434173669467787,91.29788311926076
5.438175270108044,93.99883091610127
5.442176870748299,94.00524145113009
5.4461784713885555,95.47331173941107
5.450180072028812,94.9290370158297
5.454181672669068,96.7256921429549
5.458183273309324,96.56421982804846
5.46218487394958,97.97305107129978
5.466186474589836,97.64356203365061
5.470188075230093,98.4139070694913
5.474189675870348,99.71033493380126
5.4781912765106044,98.98984938817416
5.482192877150861,99.25917407880101
5.486194477791116,100.3124784336629
5.490196078431373,99.95379797958915
5.494197679071629,100.86508531965997
5.498199279711885,99.80116617761117
5.502200880352141,99.74720744168947
5.506202480992397,99.15676151324536
5.510204081632653,99.74678845156514
5.51420568227291,100.69117753266617
5.518207282913165,99.96493240471301
5.5222088835534215,99.16164802859122
5.526210484193678,98.75661696476102
5.530212084833934,98.17735503553429
5.53421368547419,96.99367687809173
5.538215286114446,97.6939218064712
5.542216886754702,96.71919112982087
5.546218487394958,95.67082158913695
5.550220088035214,95.52368988765824
5.5542216886754705,94.0507193446606
5.558223289315727,94.03449835430872
5.562224889955982,93.11700839286866
5.566226490596239,92.59044903037655
5.570228091236495,92.45697647164344
5.574229691876751,91.23645835751917
5.578231292517007,89.87307963512131
5.582232893157263,89.25449804656219
5.5862344937975195,87.25908890458045
5.590236094437775,86.77086844318002
5.594237695078031,84.39783779315043
5.598239295718288,84.05103810812543
5.602240896358544,81.5875306919901
5.606242496998799,81.83477974341835
5.610244097639056,80.53169251007701
5.614245698279312,79.59599742092486
5.618247298919568,77.72815978818835
5.622248899559824,76.2035861005867
5.62625050020008,74.8801769580397
5.630252100840337,73.97941589161955
5.634253701480592,71.84879076998645
5.638255302120848,70.10962986895396
5.642256902761105,70.33865629859973
5.646258503401361,67.91739541963544
5.6502601040416165,65.66667417325401
5.654261704681873,64.1794304358331
5.658263305322129,62.99857769221369
5.6622649059623855,62.064434068227875
5.666266506602641,60.644700385326075
5.670268107242897,58.61979548581354
5.674269707883154,56.674946017566036
5.67827130852341,55.951531781542805
5.6822729091636655,54.21003544465243
5.686274509803922,52.18502955341053
5.690276110444178,51.695630776143965
5.694277711084434,49.84079176725611
5.69827931172469,48.501853990909005
5.702280912364946,47.18653650727143
5.706282513005203,45.40249322189256
5.710284113645458,44.358038973606284
5.714285714285714,42.268783338874705
5.718287314925971,41.436737087275816
5.722288915566227,39.97364639585364
5.7262905162064826,39.04463707092791
5.730292116846739,38.42469155360831
5.734293717486995,35.37148563716658
5.738295318127251,34.92451567812692
5.742296918767507,33.86634976485936
5.746298519407763,32.97806222722371
5.75030012004802,31.431305276246693
5.754301720688275,30.492555247001302
5.7583033213285315,30.205037503176158
5.762304921968788,28.125420118184323
5.766306522609044,27.893625505347288
5.7703081232493,26.72965665321845
5.774309723889556,25.60367709879268
5.778311324529812,25.24872977116247
5.782312925170069,24.224052758031057
5.786314525810324,23.992016718085495
5.7903161264505805,22.72522610878471
5.794317727090837,22.614788868437095
5.798319327731092,22.267370704858383
5.802320928371349,22.26940044177423
5.806322529011605,21.514208040458858
5.810324129651861,20.696238628817383
5.814325730292117,20.997172466363907
5.818327330932373,20.5280459089718
5.822328931572629,20.378045277978956
5.826330532212886,19.67812041298046
5.830332132853141,20.10434253047284
5.834333733493398,19.37790331065073
5.838335334133654,20.309576491223506
5.842336934773909,20.32953502652621
5.846338535414166,20.246260716335406
5.850340136054422,20.87845573241281
5.854341736694678,21.94058434886708
5.858343337334934,21.42859011185008
5.86234493797519,21.95917499717059
5.8663465386154465,21.624394343892032
5.870348139255703,22.587933022784306
5.874349739895958,22.864452874700472
5.878351340536215,23.89010017845436
5.882352941176471,23.55516199331959
5.886354541816727,24.845189250031915
5.890356142456983,25.7909143682142
5.894357743097239,26.211409009776528
5.8983593437374955,27.095625852163785
5.902360944377751,27.62903266612515
5.906362545018007,29.446850230213936
5.910364145658264,30.136967818693996
5.91436574629852,30.894477895674548
5.918367346938775,31.44801618302779
5.922368947579032,32.144116451396414
5.926370548219288,34.859492427707394
5.9303721488595444,35.26552847057521
5.9343737494998,36.50109515880071
5.938375350140056,38.259283384343
5.942376950780313,39.920415701273875
5.946378551420568,40.393876768419034
5.950380152060824,42.22155991910633
5.954381752701081,43.14482842927401
5.958383353341337,43.99646322149572
5.9623849539815925,45.72603235641861
5.966386554621849,48.15628162675222
5.970388155262105,48.310935588817095
5.9743897559023615,50.324615498717506
5.978391356542617,51.687690900998795
5.982392957182873,53.8147709507157
5.98639455782313,55.14165869429231
5.990396158463386,56.17983874052455
5.9943977591036415,58.191078960188044
5.998399359743898,59.392798294222516
6.002400960384154,60.85297383660256
6.00640256102441,62.52018820858668
6.010404161664666,64.08309474574699
6.014405762304922,66.11465542934747
6.018407362945179,66.33385996691968
6.022408963585434,68.10470387735566
6.02641056422569,69.46255224846838
6.030412164865947,70.72698711248773
6.034413765506203,72.57925434847427
6.038415366146459,73.74825744897899
6.042416966786715,75.49147697076211
6.046418567426971,77.15194433881253
6.050420168067227,78.23989006828089
6.054421768707483,79.51765848814607
6.058423369347739,80.31132394135003
6.062424969987996,82.35448936138468
6.066426570628251,83.61248946308223
6.0704281712685075,84.6571101855329
6.074429771908764,85.42737507710041
6.07843137254902,86.20671869813923
6.082432973189276,88.0345932762631
6.086434573829532,88.74190602510258
6.090436174469788,90.71223160111641
6.094437775110045,91.6766436190529
6.0984393757503,92.14510416407921
6.1024409763905565,91.91821885979824
6.106442577030813,93.47168908245683
6.110444177671068,94.38892564927443
6.114445778311325,95.96529113566994
6.118447378951581,95.65089388618146
6.122448979591837,97.335652496344
6.126450580232093,97.77847725289078
6.130452180872349,97.13124658820882
6.1344537815126055,98.0847213171714
6.138455382152862,98.71856127591275
6.142456982793117,98.2415793889964
6.146458583433374,99.72040737907159
6.15046018407363,99.00640891139584
6.154461784713885,99.65494233830258
6.158463385354142,99.64358026288895
6.162464985994398,100.12461949285064
6.166466586634654,99.83160703266911
6.17046818727491,100.3287592003408
6.174469787915166,98.83589973603269
6.1784713885554225,99.35636272013711
6.182472989195679,98.6797961036959
6.186474589835934,99.56869374331944
6.190476190476191,98.75877208387153
6.194477791116447,98.89064832154696
6.1984793917567025,98.5052871259945
6.202480992396959,97.19286568492589
6.206482593037215,98.04010291242486
6.2104841936774715,96.19411039942116
6.214485794317727,96.1117347337954
6.218487394957983,95.72633437052887
6.22248899559824,94.98557312976864
6.226490596238496,93.9688820002475
6.230492196878751,92.70425684429539
6.234493797519008,91.69894988664555
6.238495398159264,92.12702523416255
6.2424969987995205,89.95824020430352
6.246498599439776,88.91043116608115
6.250500200080032,87.84727396823627
6.254501800720289,87.12487418733888
6.258503401360544,86.07436540045839
6.2625050020008,85.36307978369398
6.266506602641057,83.08070721270254
6.270508203281313,82.37780545773452
6.2745098039215685,81.2295654976605
6.278511404561825,79.23372387486434
6.282513005202081,78.02477723340812
6.286514605842338,76.52688666261372
6.290516206482593,76.2135424152404
6.294517807122849,73.89864020627999
6.298519407763106,73.48346060249307
6.302521008403361,71.40206093670923
6.3065226090436175,70.72869812442927
6.310524209683874,68.47695147622831
6.31452581032413,66.6134421831181
6.318527410964386,65.91017162072188
6.322529011604642,64.32859244767715
6.326530612244898,63.30563308970434
6.330532212885155,61.494853538624774
6.33453381352541,59.106119634446785
6.3385354141656665,58.31331560602106
6.342537014805923,56.57503449074422
6.346538615446179,54.761936713636096
6.350540216086435,53.58247566737524
6.354541816726691,50.70534405203846
6.358543417366947,49.734396481576724
6.362545018007203,48.946195435106674
6.366546618647459,48.39164636332022
6.370548219287715,45.420498328799944
6.374549819927972,44.6838612286257
6.378551420568227,43.07314016357746
6.382553021208484,41.74159986404079
6.38655462184874,40.96906112592292
6.390556222488996,39.36881024052702
6.394557823129252,37.53762193266787
6.398559423769508,36.32828806844625
6.402561024409764,36.14650002819267
6.40656262505002,34.25911597818192
6.410564225690276,32.87638116866628
6.4145658263305325,31.674109107624073
6.418567426970789,30.817590896120773
6.422569027611044,30.25430910551264
6.426570628251301,29.128770564246643
6.430572228891557,28.475504814772016
6.434573829531813,27.152741885771455
6.438575430172069,26.23586660518938
6.442577030812325,26.014757981911128
6.4465786314525815,24.800539280123356
6.450580232092838,24.150973023685047
6.454581832733093,23.459250184275174
6.45858343337335,21.552308175394487
6.462585034013606,22.78781264053721
6.466586634653861,21.65110178528768
6.470588235294118,21.075578766593363
6.474589835934374,22.15861709622542
6.47859143657463,20.731809961831225
6.482593037214886,21.612057766608853
6.486594637855142,20.505483216666423
6.490596238495399,20.523330003137694
6.494597839135655,19.90737173139948
6.49859943977591,19.956508156069198
6.502601040416167,19.293665863673652
6.506602641056423,19.2260710473788
6.5106042416966785,20.10240546996677
6.514605842336935,20.758403392659257
6.518607442977191,20.4229390955983
6.5226090436174475,21.530116953258307
6.526610644257703,21.217952131888193
6.530612244897959,21.98882371493804
6.534613845538216,21.24081451380391
6.538615446178472,22.33288848035859
6.5426170468187275,23.008802758523952
6.546618647458984,24.62652676404219
6.55062024809924,25.8550585566273
6.5546218487394965,24.90565815373816
6.558623449379752,25.74830844879245
6.562625050020008,25.88915960318994
6.566626650660265,26.87099359129408
6.57062825130052,28.793527701496732
6.574629851940776,29.912490660969077
6.578631452581033,30.726191431573252
6.582633053221289,31.188140237197597
6.586634653861545,32.222610876188085
6.590636254501801,33.989053401647645
6.594637855142057,35.032728823153256
6.598639455782314,35.694849223693346
6.602641056422569,37.19275677420518
6.606642657062825,38.59082352211042
6.610644257703082,39.90003264322689
6.614645858343337,41.58220534915284
6.6186474589835935,42.591563144962116
6.62264905962385,43.0344618498241
6.626650660264106,44.988935236898435
6.630652260904362,46.5743705732228
6.634653861544618,48.285975902707996
6.638655462184874,48.24230264749544
6.642657062825131,50.68449582205031
6.646658663465386,52.69710734163971
6.6506602641056425,54.03719154819342
6.654661864745899,56.010095559208345
6.658663465386155,56.59673970835056
6.662665066026411,59.13049852887866
6.666666666666667,59.572359559641804
6.670668267306923,61.881241461884244
6.674669867947179,63.307963372185625
6.678671468587435,65.31961444371792
6.682673069227691,66.07343698731196
6.686674669867948,67.99210042931439
6.690676270508203,69.13913112465006
6.69467787114846,70.93218332100219
6.698679471788716,71.87581309886639
6.702681072428972,73.81752319224097
6.706682673069228,75.24388776600934
6.710684273709484,76.35047285334491
6.71468587434974,76.93607472936455
6.718687474989996,77.73319505410811
6.722689075630252,79.34118644377999
6.7266906762705085,81.18850405123762
6.730692276910765,83.12006060794052
6.73469387755102,84.79961915229535
6.738695478191277,85.42159594430257
6.742697078831533,85.83122119910279
6.746698679471789,87.63480106606198
6.750700280112045,88.47045911543584
6.754701880752301,89.73063480258101
6.7587034813925575,91.20134441776017
6.762705082032813,91.35752544769433
6.766706682673069,91.22634580463429
6.770708283313326,94.58040091921625
6.774709883953582,94.30956449819229
6.778711484593837,94.87412452557822
6.782713085234094,95.53518334756536
6.78671468587435,96.02017125722836
6.7907162865146065,97.17211782838405
6.794717887154862,97.88865192542644
6.798719487795118,96.95296885224401
6.802721088435375,98.54898141799917
6.806722689075631,99.11180222816255
6.810724289715886,98.82611240512273
6.814725890356143,99.752668899564
6.818727490996399,100.12615984789453
6.8227290916366545,100.04916908609361
6.826730692276911,100.52325885574433
6.830732292917167,100.24058608482879
6.834733893557424,100.24642834022121
6.838735494197679,100.37733348214881
6.842737094837935,100.2672728649369
6.846738695478192,99.56842255069816
6.850740296118448,98.7654685324435
6.8547418967587035,100.02877308167795
6.85874349739896,99.55315707487557
6.862745098039216,98.16120635235798
6.866746698679472,98.12382281723802
6.870748299319728,97.85170050509144
6.874749899959984,96.96751342651842
6.878751500600241,96.67166938806564
6.882753101240496,95.96333578836558
6.8867547018807524,95.02767533972431
6.890756302521009,95.31843164904949
6.894757903161265,93.88522610210515
6.898759503801521,92.12038333888813
6.902761104441777,90.99693592649801
6.906762705082033,91.04183239253743
6.91076430572229,90.23195018716514
6.914765906362545,88.6925083479156
6.918767507002801,87.6168476673513
6.922769107643058,86.59609965138776
6.926770708283313,84.83393905930869
6.9307723089235695,84.38992039563001
6.934773909563826,82.61652333967147
6.938775510204082,81.42080893934138
6.942777110844338,81.36766023175082
6.946778711484594,79.54951933960092
6.95078031212485,78.01049613811165
6.954781912765107,77.19117541420655
6.958783513405362,75.1402592933202
6.9627851140456185,73.48036986534163
6.966786714685875,72.42142921208945
6.97078831532613,71.94566328379155
6.974789915966387,69.17647714095293
6.978791516606643,68.04397214970827
6.982793117246899,66.52855521134073
6.986794717887155,65.2972918300148
6.990796318527411,62.7538043657816
6.9947979191676675,62.53549491085563
6.998799519807924,59.670722743014025
7.002801120448179,59.44526619092556
7.006802721088436,57.587797534963585
7.010804321728692,56.059071057297885
7.014805922368948,54.36056506970128
7.018807523009204,52.744765638385154
7.02280912364946,52.047525171513726
7.026810724289716,49.79725518214175
7.030812324929972,48.33263630194146
7.034813925570228,47.22188502901975
7.038815526210485,46.20708266123412
7.042817126850741,44.72456300003563
7.046818727490996,44.01203698833333
7.050820328131253,42.33285054132942
7.054821928771509,39.621557410944746
7.058823529411765,39.37043027077637
7.062825130052021,37.47816506784906
7.066826730692277,36.64306315953011
7.0708283313325335,35.536981359186434
7.074829931972789,34.154974803738824
7.078831532613045,33.0585905791573
7.082833133253302,31.655953796943265
7.086834733893558,30.485031124688163
7.0908363345338135,29.47318288596227
7.09483793517407,29.25806861304799
7.098839535814326,28.366099180595544
7.1028411364545825,27.323693258216764
7.106842737094838,26.30565266448399
7.110844337735094,25.811287585160777
7.114845938375351,25.461527722128636
7.118847539015607,24.629888579429732
7.122849139655862,24.31427848917377
7.126850740296119,22.531336530386998
7.130852340936375,22.154537298220806
7.1348539415766306,21.89998017742271
7.138855542216887,21.210675596202073
7.142857142857143,21.058482035402214
7.1468587434974,19.927861456852373
7.150860344137655,20.665616252904645
7.154861944777911,20.251839547114958
7.158863545418168,19.794094193817497
7.162865146058424,20.397158250658922
7.1668667466986795,20.23159007754365
7.170868347338936,20.40955332465257
7.174869947979192,20.40916644907958
7.178871548619448,19.816770252184558
7.182873149259704,20.81177795980075
7.18687474989996,20.893526260796065
7.190876350540217,20.792233579841795
7.194877951180472,21.942265469371442
7.1988795518207285,21.61287070871334
7.202881152460985,22.81935270293586
7.206882753101241,22.797172650888275
7.210884353741497,23.467984489045207
7.214885954381753,24.352208179883945
7.218887555022009,24.18525565773187
7.222889155662265,24.83370721047731
7.226890756302521,26.75921165526516
7.230892356942777,27.312691656337705
7.234893957583034,28.395440641049433
7.238895558223289,28.512116844009167
7.242897158863546,30.603542000983925
7.246898759503802,31.069780224137187
7.250900360144058,31.935229264930438
7.254901960784314,32.479157147311824
7.25890356142457,34.70819748260937
7.262905162064826,35.39234660293611
7.266906762705083,36.61808540747299
7.270908363345338,37.73068490951573
7.2749099639855945,38.959246403967676
7.278911564625851,39.94383072169361
7.282913165266106,41.500775328622645
7.286914765906363,43.709185850526545
7.290916366546619,44.0689244174171
7.294917967186875,46.270381122409646
7.298919567827131,47.36260504959139
7.302921168467387,49.10725652448842
7.3069227691076435,49.99464513786823
7.3109243697479,51.93102305065899
7.314925970388155,52.81892640433452
7.318927571028412,55.16520327257819
7.322929171668668,56.63886994715495
7.326930772308923,57.95875030180409
7.33093237294918,59.06963713824984
7.334933973589436,60.83228595620486
7.3389355742296924,62.57963440868881
7.342937174869948,62.710011106908134
7.346938775510204,64.80602253694347
7.350940376150461,66.26302328384564
7.354941976790717,67.67737533844863
7.358943577430972,69.93775937037452
7.362945178071229,71.66822532622315
7.366946778711485,72.93005744086933
7.370948379351741,73.31426915785698
7.374949979991997,75.27048632387559
7.378951580632253,76.19132443382668
7.3829531812725095,79.00990498529026
7.386954781912765,80.02121178834211
7.390956382553021,82.07185607067113
7.394957983193278,82.16265762492738
7.398959583833534,83.06619326083124
7.4029611844737895,84.56217768752576
7.406962785114046,84.78245459787732
7.410964385754302,86.4165107107536
7.4149659863945585,88.37307792982939
7.418967587034814,88.98363426303148
7.42296918767507,90.06988028790084
7.426970788315327,91.58200188784653
7.430972388955582,91.55971353039804
7.434973989595838,93.29375056755485
7.438975590236095,93.89794507673749
7.442977190876351,95.16096544955677
7.446978791516607,95.33495201799899
7.450980392156863,97.04069491950273
7.454981992797119,96.22355336632302
7.458983593437376,97.29127169754122
7.462985194077631,98.5394313379038
7.466986794717887,98.6527565876773
7.470988395358144,98.34832452361684
7.4749899959984,98.66444446398904
7.4789915966386555,98.22217186622086
7.482993197278912,99.55945312632718
7.486994797919168,99.82838472318433
7.490996398559424,99.67688008545709
7.49499799919968,100.16848675789583
7.498999599839936,99.51251049558276
7.503001200480193,99.86588528174372
7.507002801120448,99.67651023045089
7.5110044017607045,99.68186217214871
7.515006002400961,98.89367306505144
7.519007603041217,98.73789567923491
7.523009203681473,99.85878641920618
7.527010804321729,99.38708885219451
7.531012404961985,98.59840264213057
7.535014005602241,97.18700731586672
7.539015606242497,96.84270981948613
7.5430172068827535,96.44925380179554
7.54701880752301,95.85668755871708
7.551020408163265,96.70974689120807
7.555022008803522,95.3972050123361
7.559023609443778,94.53691423275497
7.563025210084034,93.33247639509217
7.56702681072429,91.75899085216604
7.571028411364546,90.57968159199673
7.575030012004802,90.33790205694541
7.579031612645059,89.4673092783792
7.583033213285314,88.15097796343068
7.5870348139255706,86.95514782780141
7.591036414565827,85.68107123615833
7.595038015206082,83.62265853916564
7.599039615846339,83.0206769500438
7.603041216486595,82.70136701411879
7.607042817126851,80.87933287111403
7.611044417767107,80.91890282361864
7.615046018407363,78.29848492162873
7.6190476190476195,76.47138469536802
7.623049219687876,76.02043553079616
7.627050820328131,74.42323096687412
7.631052420968388,73.07682702389558
7.635054021608644,71.01274462919075
7.6390556222488994,69.62452427740543
7.643057222889156,69.32744713509574
7.647058823529412,66.95126427021631
7.6510604241696685,66.16994752980632
7.655062024809924,63.96333419807961
7.65906362545018,63.515713697367886
7.663065226090437,60.95161562919821
7.667066826730693,59.62387729332553
7.671068427370948,59.294900752479606
7.675070028011205,57.12871736959959
7.679071628651461,54.35123548061986
7.6830732292917165,54.08486499059384
7.687074829931973,52.40862743425714
7.691076430572229,50.719987708855506
7.695078031212486,49.78481040705002
7.699079631852741,47.355084386022526
7.703081232492997,46.281096461071535
7.707082833133254,44.99733687704386
7.71108443377351,43.80734249672601
7.7150860344137655,43.431103321524354
7.719087635054022,41.39794080844818
7.723089235694278,39.27544551641113
7.7270908363345345,37.89162100027559
7.73109243697479,36.582926611053786
7.735094037615046,35.87086109926962
7.739095638255303,34.775738125874675
7.743097238895558,34.00614189028106
7.7470988395358145,32.21183936547746
7.751100440176071,30.834948357550413
7.755102040816327,31.082900870107245
7.759103641456583,28.481897612998146
7.763105242096839,28.52228966418878
7.767106842737095,27.51379925579105
7.771108443377352,26.8860602679326
7.775110044017607,25.8317603937211
7.779111644657863,25.21353987420011
7.78311324529812,24.74761480846767
7.787114845938375,24.788858991578532
7.791116446578632,22.762234732751924
7.795118047218888,22.09080057391049
7.799119647859144,22.04122067577323
7.8031212484994,21.494753021686805
7.807122849139656,20.93361965222482
7.811124449779912,21.593249134440494
7.815126050420169,21.012349440288016
7.819127651060424,19.228964547003734
7.8231292517006805,20.175855808743677
7.827130852340937,19.64180543385361
7.831132452981193,20.613931535231966
7.835134053621449,19.968443192147532
7.839135654261705,20.27009329608301
7.843137254901961,19.475272374415397
7.847138855542217,19.91516645689872
7.851140456182473,20.535647048401106
7.8551420568227295,21.400774644528084
7.859143657462986,21.140547146267224
7.863145258103241,22.7156407044619
7.867146858743498,21.479867675194587
7.871148459383754,22.25129810364201
7.87515006002401,23.3716863927258
7.879151660664266,23.675269982768366
7.883153261304522,24.10346653064534
7.887154861944778,25.107505675866197
7.891156462585034,25.408592678460426
7.89515806322529,26.463605524986974
7.899159663865547,27.674030742118546
7.903161264505803,28.397244849919485
7.907162865146058,29.663851785240936
7.911164465786315,30.26601438095342
7.915166066426571,30.780168568044857
7.919167667066827,32.24320997653911
7.923169267707083,33.34859655923131
7.927170868347339,34.479803857423676
7.9311724689875955,35.59651503692849
7.935174069627852,37.2813073002641
7.939175670268107,37.700770913747434
7.943177270908364,39.570340717471275
7.94717887154862,41.55461573784442
7.9511804721888755,42.256724695691176
7.955182072829132,43.615647272412524
7.959183673469388,44.92205649646874
7.9631852741096445,46.646033432514265
7.9671868747499,47.22095092629026
7.971188475390156,49.78132868830476
7.975190076030413,50.616523010612035
7.979191676670669,51.79426587874675
7.983193277310924,53.08647547523481
7.987194877951181,54.01478442672349
7.991196478591437,55.89861543266275
7.995198079231693,57.59418144835355
7.999199679871949,59.11009572704017
8.003201280512204,61.882482007360736
8.00720288115246,62.06230729971975
8.011204481792717,64.63431337986144
8.015206082432973,66.30482674770582
8.01920768307323,67.56395112685388
8.023209283713486,68.39502166196863
8.027210884353742,70.30677274896777
8.031212484993999,71.34789640380961
8.035214085634253,73.47701303315999
8.03921568627451,73.85260177634163
8.043217286914766,74.98628007303644
8.047218887555022,78.21339264383892
8.051220488195279,78.74843132393208
8.055222088835535,79.50220541078252
8.059223689475791,80.38222063003454
8.063225290116046,82.34030982658564
8.067226890756302,83.6367177171772
8.071228491396559,84.70712664370622
8.075230092036815,86.31674295532224
8.079231692677071,87.78370161905876
8.083233293317328,86.90390012213544
8.087234893957584,89.02465070761296
8.09123649459784,90.32093743621431
8.095238095238095,92.2467207237992
8.099239695878351,93.30717916356218
8.103241296518608,92.9949370950149
8.107242897158864,95.08046148283164
8.11124449779912,94.66608070807843
8.115246098439377,94.95974887073794
8.119247699079633,96.94547634691219
8.123249299719888,97.45327850769651
8.127250900360144,97.67521277141729
8.1312525010004,98.08879739073146
8.135254101640657,98.55053343984936
8.139255702280913,98.08556640214478
8.14325730292117,98.84608715630752
8.147258903561426,98.99265030116135
8.15126050420168,99.33316678254333
8.155262104841936,99.44025046200589
8.159263705482193,99.9316267430742
8.16326530612245,100.01196714856437
8.167266906762706,99.3921003800681
8.171268507402962,99.93598941647744
8.175270108043218,99.82579609842723
8.179271708683475,99.16978883564289
8.183273309323729,99.22917682225453
8.187274909963985,99.36074473596861
8.191276510604242,98.74019721191635
8.195278111244498,98.21735296928965
8.199279711884754,98.03237175217447
8.20328131252501,97.14343974389566
8.207282913165267,97.20754428684981
8.211284513805522,96.25478957570292
8.215286114445778,95.34983728314818
8.219287715086034,95.04790857310805
8.22328931572629,93.63081533023353
8.227290916366547,93.85448066254895
8.231292517006803,92.59370244640995
8.23529411764706,92.44637846491777
8.239295718287316,90.47830881270517
8.24329731892757,89.80772883285756
8.247298919567827,88.34120967611535
8.251300520208083,87.69980003211292
8.25530212084834,87.09620901467109
8.259303721488596,85.68304975400224
8.263305322128852,84.94288801470078
8.267306922769109,83.14540378151
8.271308523409363,82.54030596777397
8.27531012404962,80.07460371257572
8.279311724689876,79.10897025286782
8.283313325330132,78.26651522196919
8.287314925970389,76.27590353680515
8.291316526610645,75.33236624304271
8.295318127250901,73.55297904448094
8.299319727891156,72.91480021308526
8.303321328531412,70.76587278450761
8.307322929171669,69.26232046493286
8.311324529811925,68.13618117442022
8.315326130452181,67.08413330444426
8.319327731092438,65.2872975687746
8.323329331732694,64.26977997447834
8.32733093237295,61.894379543090054
8.331332533013205,61.022447510274326
8.335334133653461,59.25864354161064
8.339335734293718,57.84584386502429
8.343337334933974,56.78195762367227
8.34733893557423,55.26379285745195
8.351340536214487,52.648727029309114
8.355342136854743,51.74255162433865
8.359343737494997,51.04664752262473
8.363345338135254,50.09711763253228
8.36734693877551,47.383263145557635
8.371348539415767,46.61525034281038
8.375350140056023,44.224673668025936
8.37935174069628,42.817987541812855
8.383353341336536,42.21229429928927
8.387354941976792,40.750512982232266
8.391356542617046,38.78834705273217
8.395358143257303,38.589201158383396
8.39935974389756,36.33234151751648
8.403361344537815,34.924071773309045
8.407362945178072,34.66905924424106
8.411364545818328,33.21441193503362
8.415366146458584,31.93674403265226
8.419367747098839,31.153041400075416
8.423369347739095,29.893852612677893
8.427370948379352,28.68013395830969
8.431372549019608,27.508587064019082
8.435374149659864,27.98230850044045
8.43937575030012,25.925599860054703
8.443377350940377,26.058626485272363
8.447378951580633,25.17025672198455
8.451380552220888,24.030440918175838
8.455382152861144,23.6825411489883
8.4593837535014,22.383323752924657
8.463385354141657,22.76295544378122
8.467386954781913,22.69392996270222
8.47138855542217,21.17032680400777
8.475390156062426,20.92943185796049
8.47939175670268,21.098105748448845
8.483393357342937,19.331234630242278
8.487394957983193,20.501318334714053
8.49139655862345,20.29637737042181
8.495398159263706,19.768471994055968
8.499399759903962,20.098378377222318
8.503401360544219,20.45427586960337
8.507402961184473,20.68749153999494
8.51140456182473,20.51910187022425
8.515406162464986,20.183812066658994
8.519407763105242,20.52347492273148
8.523409363745499,20.59867586425458
8.527410964385755,22.35562494613026
8.531412565026011,22.46462996505491
8.535414165666268,22.061474469628834
8.539415766306522,22.086189781916143
8.543417366946779,23.46922059786417
8.547418967587035,23.90569357241863
8.551420568227291,24.546307195405316
8.555422168867548,25.372848143691083
8.559423769507804,26.580931216230006
8.56342537014806,27.75723405283846
8.567426970788315,26.925860211051887
8.571428571428571,28.378911825835065
8.575430172068828,29.454510017224585
8.579431772709084,30.76470323891095
8.58343337334934,31.84081039968255
8.587434973989597,33.18697299915201
8.591436574629853,33.780031595037656
8.59543817527011,34.35971163342238
8.599439775910364,35.88853227906763
8.60344137655062,38.20512590966944
8.607442977190876,39.11691469710375
8.611444577831133,40.3552307265144
8.61544617847139,41.81274873475028
8.619447779111646,42.454441960203354
8.623449379751902,44.550166841998944
8.627450980392156,45.286513734757456
8.631452581032413,46.749002581212515
8.635454181672669,48.879662522213906
8.639455782312925,50.24641319510927
8.643457382953182,51.87786556114896
8.647458983593438,53.059254717829646
8.651460584233694,54.54096609777829
8.65546218487395,56.115080574779746
8.659463785514205,56.43035143886899
8.663465386154462,58.9725247539615
8.667466986794718,60.75109735635036
8.671468587434974,62.49232695399035
8.67547018807523,64.44718708427374
8.679471788715487,64.7458505933212
8.683473389355743,66.45615972358786
8.687474989995998,67.22637519313561
8.691476590636254,69.98880375681175
8.69547819127651,71.08827632608222
8.699479791916767,71.86258858599348
8.703481392557023,73.28595991099833
8.70748299319728,74.91273991389879
8.711484593837536,77.53884079856657
8.71548619447779,76.94724555803866
8.719487795118047,79.68411344975526
8.723489395758303,81.48165318090425
8.72749099639856,81.05354773453436
8.731492597038816,82.38452720023578
8.735494197679072,84.22461653193267
8.739495798319329,85.64182613399288
8.743497398959585,85.97950045350748
8.74749899959984,87.28881951147099
8.751500600240096,88.57742241143772
8.755502200880352,89.16918056249668
8.759503801520609,91.19028979048747
8.763505402160865,91.97837813467086
8.767507002801121,92.16695186927714
8.771508603441378,94.1791148121878
8.775510204081632,94.80192661979436
8.779511804721889,95.05818093897733
8.783513405362145,96.12831125993574
8.787515006002401,96.83172161839279
8.791516606642658,97.271231361356
8.795518207282914,97.83603607334601
8.79951980792317,97.563888083457
8.803521408563427,98.55903291952704
8.807523009203681,99.05136385394724
8.811524609843937,99.76111621646137
8.815526210484194,99.62578517938816
8.81952781112445,99.41196535394243
8.823529411764707,100.34329122646253
8.827531012404963,101.0051600894418
8.83153261304522,100.45569603892187
8.835534213685474,100.37170985595539
8.83953581432573,100.4040743860894
8.843537414965986,99.2833966479371
8.847539015606243,98.66603068412863
8.8515406162465,99.5161017320272
8.855542216886755,99.33280560294361
8.859543817527012,98.69687986764917
8.863545418167266,98.55771437630447
8.867547018807523,98.22621234612113
8.871548619447779,96.30042319620446
8.875550220088035,96.80800536403734
8.879551820728292,97.21098261780536
8.883553421368548,96.10154011084586
8.887555022008804,94.5837623425028
8.89155662264906,94.05473165607071
8.895558223289315,93.71904345649554
8.899559823929572,92.16344251114157
8.903561424569828,91.97882084617581
8.907563025210084,91.13393675197473
8.91156462585034,89.75999442959044
8.915566226490597,89.74668095051545
8.919567827130853,87.2302597610341
8.923569427771108,86.34033407732578
8.927571028411364,84.90640005834817
8.93157262905162,84.65473654135178
8.935574229691877,82.19103312237053
8.939575830332133,80.54480348855465
8.94357743097239,81.18239663978909
8.947579031612646,79.56898951637068
8.951580632252902,77.31037037251615
8.955582232893157,76.37280767833697
8.959583833533413,74.47216998650215
8.96358543417367,73.45350490546518
8.967587034813926,72.12845955989371
8.971588635454182,71.14380719895422
8.975590236094439,68.41541439093521
8.979591836734695,67.58530221310102
8.98359343737495,66.31591926236818
8.987595038015206,64.74466360257948
8.991596638655462,63.35948010670747
8.995598239295719,61.31092989306583
8.999599839935975,60.123236296007526
9.003601440576231,58.40644960631721
9.007603041216488,56.76699379038579
9.011604641856744,54.74962455590815
9.015606242496998,54.53939896178446
9.019607843137255,52.48088872385479
9.023609443777511,52.08897631250511
9.027611044417768,48.53838428368664
9.031612645058024,48.69736354106451
9.03561424569828,46.9368137743743
9.039615846338537,45.69308253590773
9.043617446978791,44.64299600217959
9.047619047619047,42.26593103751774
9.051620648259304,41.98416769707922
9.05562224889956,40.03249351206782
9.059623849539816,38.48471799409705
9.063625450180073,37.43729908449523
9.06762705082033,36.32695899862899
9.071628651460584,34.68362200731971
9.07563025210084,33.813524301297385
9.079631852741096,32.571625619331655
9.083633453381353,31.33767501998801
9.087635054021609,29.962690107242594
9.091636654661865,29.50757895059673
9.095638255302122,29.788677250498825
9.099639855942378,28.214608250554733
9.103641456582633,27.061007209375404
9.107643057222889,25.148882483264806
9.111644657863145,24.815937588463786
9.115646258503402,24.24416559171716
9.119647859143658,24.3657143490971
9.123649459783914,23.944306945590675
9.12765106042417,22.345021339008476
9.131652661064425,22.537752716152074
9.135654261704682,21.61633211920149
9.139655862344938,21.286210614960307
9.143657462985194,20.984664306125985
9.14765906362545,20.9207563530336
9.151660664265707,20.79936651804287
9.155662264905963,20.121950240526747
9.15966386554622,19.209785655114143
9.163665466186474,20.03196459069219
9.16766706682673,19.85165561114468
9.171668667466987,19.486807020030067
9.175670268107243,20.212253740962204
9.1796718687475,20.833248615014504
9.183673469387756,20.816854492109744
9.187675070028012,22.221654366213954
9.191676670668267,21.44022783496902
9.195678271308523,21.473646340116296
9.19967987194878,22.194033956972543
9.203681472589036,22.84139994506609
9.207683073229292,24.03721525596086
9.211684673869549,23.177674296579738
9.215686274509805,24.64602742987549
9.219687875150061,25.53871799736653
9.223689475790316,26.040731763443247
9.227691076430572,27.038883783042085
9.231692677070829,27.33092562712106
9.235694277711085,28.043245145622652
9.239695878351341,28.903329228176172
9.243697478991598,31.23713110877634
9.247699079631854,31.306587618270882
9.251700680272108,32.31718117181421
9.255702280912365,32.6480302670601
9.259703881552621,35.50973144048497
9.263705482192877,36.30062406925737
9.267707082833134,37.12260491506893
9.27170868347339,38.23438759564142
9.275710284113647,38.686465272405364
9.279711884753901,40.82767498933624
9.283713485394157,41.358732893397686
9.287715086034414,43.51072251835161
9.29171668667467,45.32326775214732
9.295718287314926,45.77004847144762
9.299719887955183,47.14577703618297
9.30372148859544,48.0926521954104
9.307723089235695,50.528069974951784
9.31172468987595,51.1383189285481
9.315726290516206,53.58595116671587
9.319727891156463,54.33540102797225
9.323729491796719,56.4904208500464
9.327731092436975,57.541595607085064
9.331732693077232,59.41333524577514
9.335734293717488,61.5908640329446
9.339735894357743,63.111630426503645
9.343737494997999,63.23129312812895
9.347739095638255,64.89140652088024
9.351740696278512,67.09467318677265
9.355742296918768,68.15761849717043
9.359743897559024,70.16307571722704
9.36374549819928,71.30154349638553
9.367747098839537,72.22574531407285
9.371748699479792,74.41511594908691
9.375750300120048,75.99247337247964
9.379751900760304,78.0198146480194
9.38375350140056,78.78371679934959
9.387755102040817,79.58132256107841
9.391756702681073,80.4412239442443
9.39575830332133,81.935369660436
9.399759903961584,83.02692444582406
9.40376150460184,84.8032980778231
9.407763105242097,85.37967066716281
9.411764705882353,87.29446109454929
9.41576630652261,87.52178486082632
9.419767907162866,89.0337334998612
9.423769507803122,90.13792425170023
9.427771108443377,90.22460480217171
9.431772709083633,92.37515629273122
9.43577430972389,93.25062261428015
9.439775910364146,92.87512053599592
9.443777511004402,93.9012028939759
9.447779111644659,95.20241625476704
9.451780712284915,95.59994881265153
9.455782312925171,96.75684683164762
9.459783913565426,97.54047249554836
9.463785514205682,97.18007401901497
9.467787114845938,99.36514283667977
9.471788715486195,98.13774108050477
9.475790316126451,98.54515258027224
9.479791916766708,99.51957787394687
9.483793517406964,99.42239620268101
9.487795118047218,99.43574617339053
9.491796718687475,100.33158454144265
9.495798319327731,100.2166391269502
9.499799919967987,100.9233785059523
9.503801520608244,99.26428414497158
9.5078031212485,99.0791577950047
9.511804721888756,100.55269668563749
9.515806322529013,99.54015479662851
9.519807923169267,98.28115435930582
9.523809523809524,98.46814745427122
9.52781112444978,98.40654724028137
9.531812725090036,97.76085719070979
9.535814325730293,98.54744180608408
9.539815926370549,97.84508565513757
9.543817527010805,96.58533331656358
9.54781912765106,95.85507456982889
9.551820728291316,94.72816251257407
9.555822328931573,94.78769357429177
9.559823929571829,93.16749330555714
9.563825530212085,93.97952591313603
9.567827130852342,92.12286226079542
9.571828731492598,89.93343664804652
9.575830332132854,90.39767633703687
9.579831932773109,88.88925930180812
9.583833533413365,88.36713854041761
9.587835134053622,87.35517880661352
9.591836734693878,85.79046371765413
9.595838335334134,85.41487771997724
9.59983993597439,83.4148321513213
9.603841536614647,82.05295732334407
9.607843137254902,80.7877357480932
9.611844737895158,80.6170116310573
9.615846338535414,78.7673008230953
9.61984793917567,77.24829485790701
9.623849539815927,75.23211599687997
9.627851140456183,73.45441809635022
9.63185274109644,72.29329494625644
9.635854341736694,70.97047270966253
9.63985594237695,69.4460499102954
9.643857543017207,68.5194807710314
9.647859143657463,66.78616873480655
9.65186074429772,65.12813435233195
9.655862344937976,64.49236975983024
9.659863945578232,62.89389460129667
9.663865546218489,59.77803815607552
9.667867146858743,58.73540314786147
9.671868747499,57.692164079843735
9.675870348139256,56.132450775268865
9.679871948779512,54.91010711275527
9.683873549419769,52.92094186809859
9.687875150060025,52.612093177588385
9.691876750700281,51.31779196649005
9.695878351340536,48.798202213326284
9.699879951980792,47.73418562588273
9.703881552621048,46.16274143879649
9.707883153261305,44.51415067373345
9.711884753901561,42.82072266538227
9.715886354541817,42.140342029359765
9.719887955182074,41.1718136946407
9.72388955582233,39.84281052766251
9.727891156462585,37.408183872203125
9.731892757102841,36.79643927130082
9.735894357743097,35.29091663549433
9.739895958383354,34.62649887036805
9.74389755902361,33.73948338724498
9.747899159663866,32.405617740940926
9.751900760304123,31.736308358888543
9.755902360944377,31.006680530239464
9.759903961584634,29.290784450803518
9.76390556222489,28.00539702173528
9.767907162865146,27.645060404102914
9.771908763505403,25.695342336359783
9.775910364145659,26.66671292215022
9.779911964785915,24.646316379612077
9.78391356542617,23.91159634580847
9.787915166066426,23.524738532062234
9.791916766706683,23.538273409954805
9.795918367346939,22.518346422751883
9.799919967987195,22.09113031280887
9.803921568627452,21.830288705394423
9.807923169267708,20.574881001091523
9.811924769907964,21.65966835994215
9.815926370548219,20.324584062833576
9.819927971188475,20.80157433336851
9.823929571828732,20.293049302454307
9.827931172468988,20.316270549433654
9.831932773109244,19.20965658273121
9.8359343737495,19.665975862191615
9.839935974389757,20.383554040240337
9.843937575030012,20.52867305660349
9.847939175670268,21.04054386252469
9.851940776310524,19.90540475357254
9.85594237695078,21.41376310197751
9.859943977591037,22.008775049185164
9.863945578231293,22.261085261572834
9.86794717887155,21.834644509227846
9.871948779511806,22.2269698980303
9.87595038015206,23.00968570744606
9.879951980792317,23.780173959322237
9.883953581432573,25.6811427140863
9.88795518207283,24.814036332493572
9.891956782713086,25.884486230090232
9.895958383353342,27.330577143281833
9.899959983993599,27.72364179541534
9.903961584633853,28.95368116446805
9.90796318527411,29.22569898978491
9.911964785914366,29.867691041145846
9.915966386554622,31.253899073186883
9.919967987194878,33.57486271470519
9.923969587835135,33.980258483299096
9.927971188475391,34.05787365022801
9.931972789115648,36.65488954005314
9.935974389755902,37.203753923603756
9.939975990396158,39.342470222310205
9.943977591036415,39.51568230212808
9.947979191676671,40.90338943839551
9.951980792316927,42.580118136674066
9.955982392957184,44.017749450528356
9.95998399359744,45.61900570279464
9.963985594237695,46.43697984849622
9.967987194877951,47.90961715809827
9.971988795518207,50.21294858779828
9.975990396158464,51.31343788719574
9.97999199679872,52.36494451085344
9.983993597438976,54.43551429235203
9.987995198079233,56.13850505827633
9.991996798719487,56.58832713157089
9.995998399359744,58.04908399986576
10.0,60.68559240722612
